Date,Source,Title,Label,Score,URL
2025-12-19T04:00:00Z,Forbes,The Geopolitical Risks That Will Shape Global Business In 2026 - Forbes,Negative,-0.9994,https://news.google.com/rss/articles/CBMirgFBVV95cUxNQ2cyd3Zzc2UzUkFkNWQwOU9wcHNEMkVzbEU5MzdvOEItUUJXbnMyQjdvb01LOWFCWHFaU096RWkzWVBkNWFBMjcyd2N5SnRtcG9HTnMwNFhaN2Z1blQydXN2VVJJOTZvZGlkUlU4TTZ4M1VocnppWHRVX3FoSFg2cTFXMjZwU0ZxZURQS0JDcjVLaG1jT1hfNnprSnlrM2tJVW52SXpQZjZoc2pEUGc?oc=5
2025-12-19T03:37:00Z,Barron's,Stock Markets May Have Been Hasty With Inflation Bounce. Beware These Risks and 5 Other Things to Know Today. - Barron's,Negative,-0.9504,https://news.google.com/rss/articles/CBMimwNBVV95cUxPZzd3Wks3ZHlGb3Mydnp1RlRySjFtQ3FWVV9OZ3NlNXgzc0JoRlU2X3pzd3R4T2Via0I2SnpqSURzeHZ5Z0pJdWFkVkIyLXpvQ05KWEdQdW95QW5lY0ZYX0NfZUZxc2FGNDE1Ty1oazJmM1F6Z0RGd1VIams5MmpkUkZrNXhpSlVPMDJFWDY1VGNaY3pPRERvdG1hOEJWMF9fYW8wbF8tU1B3UWRxUC1JQ0ljRW9XOFJLbWRnLUV4Mk1uNFp2a3pQYmlGR0dnQ2gwaEFvaDBJLVIzRDVqR3RZRUxkdEJ6ako3ek9XaW1KQjBCb0F6Ym9qSG5PYU9RUnhnWDZWYXQwNU1TbFN2eDM3Q2N6eV9sLXlaM0wwNVhETGhVUVJ0U1UxYTNWaHFHQnIxV3VPaWdLZzF1dDNWelFsR3RsQXM5Wlh5WFhiRzVHa3lDS1RpcWlrQlp5UkJjS01wRWo5SWlWQnU4TDd2TVBOVmZ0bTVybldMb2FLVEpCalNhTzhEc1M1OUVza3RsUHY0LW95ZkZkRWZaT3M?oc=5
2025-12-19T03:28:08Z,Reuters,"Gold eases on dollar strength, but heads for weekly gain - Reuters",Positive,0.9692,https://news.google.com/rss/articles/CBMiqAFBVV95cUxQdjhRYUxLdDgwTkxBcE1jUjRENF84dmVNVmw3eGdWRVBISGxOQzU5dVEwcEItUzIxQ3A5ZlZLQlZkWkRqNzFLc2ExMno4YVgzYVRfdHBDQTdDRWlhMEduMk5YTzk2ZWFSd3FLVDA2eTlUdXFSamk0ZzhFeVR3cWxMLU9zY1pvT3F5b0VtQkxoLUw0YXlfamJMQWVPRjJleXNIblZaWHo0bTM?oc=5
2025-12-19T03:02:43Z,TipRanks,"Gold Holds Course Towards $5,000 Milestone Despite Inflation Drag - TipRanks",Neutral,0.0,https://news.google.com/rss/articles/CBMimAFBVV95cUxPOG5jSXpsdy1PQko4ZlRlOTRuQUJsdUF1YU9ZNnRuUHFtV2VQdlZja05lNjZvTndySm1Gemk5dDlOQkZIckt0d19HS0VWS2VxRVllZUEyWDNHTGh3WDdMclFVZzlLdk8yalY0SXY0dnVhTjgwMHdvOHNJSnpXbFFLVFdwOHUtRVJoYUY3X3dCcHlDVWc2dVlhOQ?oc=5
2025-12-19T03:00:00Z,Geopolitical Futures,The Enduring Wedge Between Syria and Lebanon - Geopolitical Futures,Neutral,0.0,https://news.google.com/rss/articles/CBMigwFBVV95cUxQMzIwTXZ5M0FhZEZKRnRmLUdlSzJmU1NEcmhPOFQ3dkZpWHZxYXlSRF8za2NXUktibVFIUjBNQTBIMENKenNoSjl3Nm9tN0RzRXhrR0JVa1lITXZvMGhmQ0ZCZkgyQmR5RE0wa24tdjAwVnpmTHNTc2h1c19XY3pWQ1Zxcw?oc=5
2025-12-19T02:55:16Z,FXStreet,Can Gold carry the bullish momentum into 2026? - FXStreet,Positive,1.0,https://news.google.com/rss/articles/CBMi1gFBVV95cUxPT3lzSnFzeC1sbnBkTXZ2VlVaWmxzY1NIcFhIbWtCd0lYU281U01HQVJEeXpGaTNOeGtFMWNNLXBVMzA4UVdRZGpYUENUYkxfX3o4VlVsM0xEdTlpdWptaDdiR25HeWNTS21JYWktMEVJYUFnZlBubXZqelhEV0VLT3dDaGlaVUNuWXpObjlUZF8yMjRnb3pERGMzTWxvMFg4OFM2OTJWN0hReVlza290RVdkeFNFUERKbkRkSzk1Y004OFNkT0dKcWRSVmc2VjJfSDd5UXlB0gHbAUFVX3lxTE5TQXVyQXFwTnlUQlBjVGd0QmRsT3ppck1Wa2hib3pJZzlpQ3NCRzk2OElqbS1wczNUeGM0MVlZaUk5cGpfMmpONE1MYkY1VUlJV0NaWFF5Wm1UZHJaNDU5SkU5QUpLcnBfTmR3V0wzdlZzTUxiN0JOZ2JadzRLeGI0X3lGQ0NVT29qTWpVd2JDbGs3MEZRVE1aNk5oRFFQd0UwLVRKel93RF9va1ZLYTM3c0pNS2JHZW5SR1psMnMxRjFEV3lXbHdodzZhbi1jRU9sdzA0ZTJxclk0aw?oc=5
2025-12-19T02:46:15Z,Bloomberg.com,"Gold, Silver Near Record Highs as US Data Support Rate-Cut Bets - Bloomberg.com",Positive,0.9835,https://news.google.com/rss/articles/CBMiswFBVV95cUxPeTBhMUpFSkxYNHJFSDQ4b1V1ei1CQWd6YzlITk5TalRXNm5ydWp3MDBMR2FmS2FLY0pTMkpFY1RUa3JSMVRQQVZUS3VoQlYybFZDNE9BeU9wYWV2WUhWVE1jOUJ3ejJZTmd0YnI1NFJDTy16OHpYc0NSUlE2OExvM3Q5allHd1dlVlJPNU9DSkVPdGdtUWx1MzhDVHAwalJpYWtwcG1VU0prUGpyUTJqV2xQVQ?oc=5
2025-12-19T02:45:00Z,The Motley Fool,Wall Street Has a Federal Reserve Problem That Could Turn Ugly for Stocks in 2026 - The Motley Fool,Negative,-1.0,https://news.google.com/rss/articles/CBMimAFBVV95cUxNN18yVG9SNUhIWURCVzZib1drdmdQbGpaQTZJM28wNkw0aHBSTS14N1JQNHQ4RzdpSHVpeDhDbEo5aHhjSGE3TS1lRFlkSWZUMHFOU3RKMVQxTmxnZWRGV2U0QkNhaS1Fc3FoMXhZOHhiQXQ1aFNwWXpFZjdsbHRVRkZ0RlJEbjB3UndYeEtfa3ZIZ3lwdWQ1NQ?oc=5
2025-12-19T02:27:58Z,MSN,Gold price today: Rates drop on MCX on profit booking ahead of BoJ policy decision - MSN,Negative,-0.9705,https://news.google.com/rss/articles/CBMi8AFBVV95cUxNQW5zU1l6TEVJOXV6Y1RvN1F0OGExTS1EVTNKbElUTmtTME9mdTduUWpmRG5TTm9NT0tCQ1J5Q3Zzajd2VEFuanlFRER5bHBWQ19uQU95cGtXM3YyMXF0VXYyVkZYVnQzd2ZlWTE0VkN4eW9pM3pzei1UMmF6SVplVjFWemF0NTRQMUJHeVFBMHJKM2Uxc1dnUFctSmF3YllxbkNtMmVza0MyOHVUUmFPU2RhUU9McWtjOGd6bFdtUjNTQ1dwNG56RFlZdG5HdUFpLWpzWVpJN2hEZXUzNGItMzNKN1lCSW14Nl9wUHllbDk?oc=5
2025-12-19T01:52:31Z,Action Forex,Gold Price Analysis: Price Retreats From Record Highs - Action Forex,Neutral,0.0,https://news.google.com/rss/articles/CBMivAFBVV95cUxNcENEdV9yTHF3R2RkTHE2ZkxJNllReVY4ck1CVUJZdVdWUG0wWWVNcFlDVmxXOW9BZ0NCYTZwZFlwUkVfelY5TEFFdE5mQUlJUFhudXNSVDlMUlAyR0o4bmlmV0FTMUdQWnpKMGtRczVMSVhyNWxSMWNBSHJYc0x5SFFrWnJTWWJkSWN0RGRWMEE3WXNXTW9HYmdEVzdHVDVLMklLcGl5czVEa0RFcDA3X19UVldJN29kS1RLatIBwgFBVV95cUxNVl9pRnV2WTZIY2FWWnVNNzl0a2RWRU1mcWhYVFNWOVZqRWtGQTBSX0pSUmltVU1ZdzZtTmhaallZR3UtX216OElZQS1EaldDNVZsNFpiSHhVZ0dNVXdmeEI5bTU1aFB6M2dWLXc0YUxVbUJCdEloczlRaHN4eEpvemdxS3BXQ09QSFBRY2cxZHpZSEZzaUVubFN5MVhJVVowYjk3U0ZRMHVCbk1SMGZVRXlaV1NxSWZiNDRxb0JKWlJmZw?oc=5
2025-12-19T01:31:38Z,FXStreet,"Gold Price Forecast: XAU/USD fails to extend gains beyond $4,355 - FXStreet",Negative,-1.0,https://news.google.com/rss/articles/CBMiqAFBVV95cUxOMGUxRFQwOHhXay10R2gyN3lEUmExWXBPa2NWOHBJOC1EOG9wd003UENkaFZLVmJMRDlXOFpXNWc0X3lwTDVDSGRKVkI3UVFOczdGYUVkRmk4cW1Md3pGRnlxRE9lMEFkWHhxVFEzeXZ0ZnVFYWFhWDJZdkM3R0V2Z2VhTm1oZC1HR0RLQ2p2b3RYRmVtUXpIYXN6Z21XQ0hWUHAxYXZvNkrSAa4BQVVfeXFMTVNEejJXUWtEQmhzTEppSEdRYVNWaE5wTllMcHhEUzJTMnhpeVI1S1YyUnhyN2FqclNIVU0tZ3d4VGdpbk9VZGdKcjV1Z1RQM1B6UXAyOFhRLU5HVmdvcnM2VVpxaW5ucWtXU0tLM0FER19oS25TcHdEclFLMXlEX3lMRF9jaDhRdmI0dEttM0FYQVJGOFFlTXE2Y3BsN3Q3NnpQcmpnUVJrTUIzVWpR?oc=5
2025-12-19T01:23:32Z,ts2.tech,"Gold Price Today (Dec. 19, 2025): Spot Gold Near $4,330 as Softer US Inflation, Firm Dollar and Fed-Cut Bets Collide - ts2.tech",Negative,-0.9788,https://news.google.com/rss/articles/CBMiyAFBVV95cUxOTUNZUGhWSEdDMFhrYlJEWWtrYTJ5aEY2Q3FWMERTU1JCeVdPVVU0d2VMd2RHaWdLR251eXg0NzJpWG85RDR4TjlvYnp4cjJxNkU5dTZILWNKbV9WTlU1LVUyUGY0Y2dGR2QxT21lME1paFdLQ1BfUnEyYV9iYkdWOUdsWk15VmtIRzZJS0UtT1hqWlJJazJLdHR6SEVHaTllSzZpaXoydFg3S2lRdGJ5VDdLRnpwZl9GblJMekZBUnZjVEFGbUplaQ?oc=5
2025-12-19T01:00:09Z,VT Markets,"Despite easing inflation data, the US Dollar Index trades positively around 98.55 during morning sessions - VT Markets",Positive,0.9762,https://news.google.com/rss/articles/CBMi3AFBVV95cUxQY0J0bllRZGlEczBPU1dmLV9JU3JRZW5vUE0tNE14VFlVOHMtMUZ4ZFNFNkZzV2pQcGRXcnFKZ2k5a2FjRVVpcTFuY3UzbklKQUE0ODBDZG80SjJTREVWVW1Sa3RBeUp4RlA1SExlLU1JTFgydzBrVVk3OTVGNHEybXNWUnFySUZUNEFSREtxUkI4eExuNElWQzd6eG0tSGNGSjRzaDhFVGZDWWVPX1Z5VkVuQTVWcnQ3RHAtZ1dBWTFZc09QRWRrakJ3OHNYcnF6QmlHWldCcnhCU01M?oc=5
2025-12-18T23:33:21Z,FXStreet,US Dollar Index extends gains above 98.50 ahead of UoM Survey data - FXStreet,Positive,1.0,https://news.google.com/rss/articles/CBMirAFBVV95cUxQY1dsUEpZa3UteEsyRXFqYTlaTFR1LTdYTDU1NWRqTlRyUDZ2VmxTSU82blllZERLMEdVTUlHQzYweTVsUl8yTXVfaDRpaXVjNDNTRVpUZ3ZnSUZRWXU1YjE1YjV3b2tHTkFlWkhYZXJvWk5DVGZqVmotU01MRUZ5WGhQcWJteFB3eXZZTlZWY25OMGRFZFJDZHhZUUJQWEtjUUFaQmpCR0t0aVMx0gGyAUFVX3lxTE5mV3F6ZW8wbVhtcVE5cFdXYXAzUlE5dlFhTER0aHM5cl8wcVN4WldOLVNfMGJTSkFXUENHZkxvbXJZdHQyb0dJMmhXbUw1ZFJwNV9EX1V6bERzVDFoQ3JGVWduOG5JN085YWoyZ09BVVpEbl9qM3cwU2dqTmNzaU05UjRVeG5qYUx0bmd6UnMxa0xDcTZ0SGVtcmswMHI2YVFoYkNlWGEtZDNiMXJBWjF2WlE?oc=5
2025-12-18T22:53:00Z,Times of India,"Gold price prediction: What's the gold outlook for December 19, 2025? What investors should know - Times of India",Neutral,0.0,https://news.google.com/rss/articles/CBMiogJBVV95cUxQYW8xUnBIbVI3N0dTdE9JcGxJRW1JUGM5RGFLNzdrWEprdUhIWWJKLUg3b1NjOE9LNjVLQzVTb2w0Rmo4LUM0VEpTS1hlbnpIREhXWDVPWElWbTBGTmFlajBfS1BtVS0yMDlhN0l5Q1RScnVHMkNSeXVpbE9ZM0dSbEtldmZ3NGdTVEFucFhLZ1J6Um84RGdJdFVVbkpJeExzYU9QazFabVRtU0lvZFRQQ25ZcEY0c3NhRU1EZ01aVExXT3VLQVFzanY2cF9TWlF3RWc3VVNVc3hweDE4WVpPU0JsdTQ2VExzTDZYOVk5Q1pWbHNoYXBVb0dYR1JKakhVNVJfdUF3WE8zRjFkWTJLZVJ4RHZ6dVYxTWl2NlRmT0F4QdIBpwJBVV95cUxQSXBhaXlnMFhzcnhLMGZaYXpPTVhWeDg1TVM4UDYwbzVrbHE3eG9JMEZ0R0gzM2dCLUw5eUJmdEUtLS1wdmhVd0JxQ0JZcnRLdFF1THVYVWt6SlBqNkE4em42eXhtMUNXSnBBQ2otQkhWYlM5X2taMGV1LTdqZlctSnJiUzE1LURLNndWZ1phX0YxODNhWWhGYkphdU9oRlVaRGV1bVRRR0JiVktVX21iM2NBSHZLTHNCSzlIRkhQcUpLWTBDTnNWR3FKSjdYU05zLXROZnRMWGFmcUx5aWc1NUFLeFVTQ2FUSHlmempidmUzUXNGV1Nqd0dIRGk5VkRReTJOWnBlNTZXcm91LXNidlBGaEJ0TEFQbVVIaTFWQ1dpaUNPcDJv?oc=5
2025-12-18T21:56:20Z,富途牛牛,"The US Dollar Index rebounded from an 11-week low, but expectations of Fed rate cuts limited the upside. - 富途牛牛",Negative,-0.9987,https://news.google.com/rss/articles/CBMilAFBVV95cUxNU2dfVl9IV195ZXh4bDdEM00zNEw0aHVpR0ZLWElWRnEzQTh0dmwzVGhzcHI4T3JhNm1yVGZTQUYtY25wSzBiUDFOLVdQN3d2Nmk0bGl2TWF4UmZwaW56SUxUXzVLNmFTVWowVDJWZng0emlxTk8zaXFVdEt0Q2VweWczcVZ2OEllTll6REx1MFFRM0di?oc=5
2025-12-18T21:44:04Z,The Washington Post,Opinion | Quantitative easing is back. Let’s hope it works for all Americans this time. - The Washington Post,Neutral,0.0,https://news.google.com/rss/articles/CBMinAFBVV95cUxQZDNqVnY4cDFJb0J3OEd3VjRRUDVoYmVYQjYxRHlWUFZ3MHpwQkZoa2FSU0lfbXV0RHpuejJtbHpjTTdMUm5rWUVYLUZUU1ZfS1BINGpDYXo2U2dFbUpiMDE0YW1MaEtZQ3BWenRtb1BXV0laaU9TRGdOa2trcXctQUFkVy14VDNEWFFiN3NnZHM1a0UyOGJVQlZ2NFM?oc=5
2025-12-18T21:08:55Z,FXStreet,USD/CHF rises to near 0.7950 ahead of UoM Consumer Sentiment Index - FXStreet,Positive,0.9656,https://news.google.com/rss/articles/CBMirAFBVV95cUxQQTE5djZDcjh2ZmtHS1BCUkRVcjl3RmZJS25WSFZVNnVET25ueWRMTWtOYTJFLVhTdGZWN1Zwa05QUnUtcGcyYWZrQ2hqallDT19ORUc0eEVISVZPMG9mQ0pESUxsd0NTOTd2WmxwZnlDSFY1cUgzN3JSMVRkaEQ5LVJtVjhWay0yNUNUX19NaDZ5NVJrVE5qbnpTWm82T0NLTC1KbUxuU3c5VE050gGyAUFVX3lxTE8wSXR5X3Q1cFFFaUFuR0hiRVJGSllpVHhBcHl5azVxQk9QS0dLUEhQY250Z0FSU3FHMmNKTExBSGZHQmlPZGtzeDVQOE0wSTcyeEd6YUxYYWxId1N1QW5VRk9TS1EwQ0t0elROTmFLa2hVcnZhTkQwbGJDSlRwLWpPcUFwbGlFZGJmcElYV2dRS1lTUy1NQzU3REFWRWdqbTVTMTltd2tpWW1yUVIxbHVlNHc?oc=5
2025-12-18T18:52:26Z,Reuters,Soft US inflation adds to RBI support in tentative rupee recovery - Reuters,Positive,0.9197,https://news.google.com/rss/articles/CBMiqwFBVV95cUxOTzB2TjM2Nkk5U3hNdFQwSWxJMGIzdExPTjNTWU41SDA2eWFRR0hnVUZUakJPUkFSWkliM2xKN2t1YzV3OFd0QmhjREF4eXZRTG45S0s3eHE5MDMwRjk2cjYyZXVkSHJrTTRfRDAtY2ZjUHdKQ1NlcHdNaGhSN0VCblMwaHVGQzV5ZDNWaEVWTHFYZWNEN01kVy10aEdlT2RhMjhvU0FaLWhqZWs?oc=5
2025-12-18T18:46:00Z,Barron's,"Asian Markets Rise As US Inflation Eases, Micron Soothes Tech Fears - Barron's",Negative,-0.9911,https://news.google.com/rss/articles/CBMirANBVV95cUxNbjB6eW5wdGx3MVBDd3d0VkdYNi0xVG43c3QyMTRHdUlwb0dyVW9sQVl1SHRUMW5nLXdMWlRhN0F5TDB5TXQ0b0xETmxNZGJPOHVQWTZDa3JKeEFHS1g2OU1FVkJLOThvUUJBM3dUMWxPdXd6Z0dVSWF1RE5kLWw4Mk8tUG00elk5aTdGTW1temRUZnBHYlg5VmZDOFVVY3lJQ2F0UmVfcWtabDk4b2h6aU9xSV9FMVZKeWpsWThHQllBUzdQSUNLMmZvWWdVMnVRUHVzeklRRks1aHdSekJEcHhCY0VLU19VSWJsM3VUUEdvWTR4TzBSYjFlMXpDTWpxekUxS1VQeGR0QmhaSjBEak9QOE4zNFQzZjNQc1JyYzBIN2RVanNJQTF3ZkV4eTNFSDJMWU15cmZSVG5EUnVSQUxoZHJtd25KcjRuc2gydV9QT2c4OC1md3J6aldkZ2ZWM1gxMzZTNFNScGc0R2dXZjMtajdEWWRtVjg3bGlYdXNwcXJhM2RPZHNmVWJTZV9zd0lXVzlaZzE1bHFWc3UtZmJvcW5TRTJvcmpmaA?oc=5
2025-12-18T18:21:40Z,富途牛牛,Is the US dollar weaker than expected? A major capital flight masked by the yen's collapse! - 富途牛牛,Negative,-0.9998,https://news.google.com/rss/articles/CBMimgFBVV95cUxPdUIxbUZHVXBZN1ROdTdYTHZocHo0Znk3anhLX29JMGVHay1NaDZ4SHlKYWp1U1JVOUJVRVNDUVNmdFgyQTRwOERSdWlhUTY2TTAtTXVBSkNKeVdNY0l3Z2g4Y3lILTg2Z01xLXZ5SjA1M0p6V1lPNTNZNGRTWm9iWUtXYzBqeVRwRXJQRGFnMWNUM2g0dGJQczlB?oc=5
2025-12-18T18:18:00Z,CBS News,"Digging into healthcare costs, Trump's address and inflation cooling - CBS News",Negative,-0.9764,https://news.google.com/rss/articles/CBMirAFBVV95cUxPdEZyYU90TGhXbDFKSms0d3cwWS1LcWk0OGpDNkM3ZGRfWHc0dldmZTBlX0dwZ0w2Wl9nMTB5cDNUaUpvODdYQmNTa2dWdWNpWEJhYkF4TEZCM0RWS21zcDhGeHo3ODFNeUN5M2RRbDBySDBWLUZGb25TVG4xUTJ1QWdybU1xOUp4ak1uMXZ3bjJvMlNhcHFSTFRaMmV6OUlrUGRya18xVFd4dHFk?oc=5
2025-12-18T18:05:00Z,The Wall Street Journal,"Stock Market Today: Dow, S&P 500 Jump on Soft Inflation Readout — Live Updates - The Wall Street Journal",Neutral,0.0,https://news.google.com/rss/articles/CBMikANBVV95cUxPNzFsWnRKRGdFbXo5UDNEdGFKWGw0RC1wTVdRd2d4MHBCTFZzZWs3VXhCZjRCckpYOWlpTjdsWTB6TEJueVp3ZnBGRmd1T2d5azJIclgzaUlEV3NRekFLUnJrbnlNSENWZWRwTkk0NFFEbFhQQVVmUWhsTFhrTjJYRHRiQWtmbmJRV1JDSUF3NGs1QWlEVUJEQ3dyMld0cUdXMHUta3Z3QWNmVldJUDh3ak5sRkNMZmJfelFXMHljN2FYS2R6SDJySDdCbVJSalNQOXZkZ0hTTjVWSzR0dnlYdEI2U0ZyTTVVOUxhMmRkRWJJbG1yZWNPMXQ4ay1zN1dPUmdtUGhkLUNHZEUzcXk4VkRYWUVoMmt6SmUtRmZOeTNsUl9XVGhzcWZZenYzUTI2bGl2WVVrbjZZemQ0VWYxZWRKZHphczBUaGtaRnBObGlwWmtGSFpNUmUzR1pUMGZjTjgyQURtbk1LYUJxVGd1bXZMa3c0elA0TDd4c2hoTXZjbE93eHExYjgyM1lWdXot?oc=5
2025-12-18T17:43:11Z,Eurasia Review,The Geopolitics And Risks Of Data Localization On Southeast Asia – Analysis - Eurasia Review,Neutral,0.0,https://news.google.com/rss/articles/CBMiswFBVV95cUxPMTRWZTNNbWo4aUk3SUUyV0szNUJVOVVfbUFtMnhlVjdrcGNrQXRSWjVXNkxWTTBSRWN1elF5X2lKM1ZiLVpmV2pVX0NWQmNNOXBna0lhZHFqOVNRRzJFdExCZWlUUmpsN21SVGt3Z1hOTjlCMXpvdXNuczY3VFlFX05yZ1RPbHBoUXBDMlM2M1VUT29YRlRSQkN4ckpkbkhxdjlBMzR1bUJpUlpoZTN6TTRuWQ?oc=5
2025-12-18T17:02:00Z,Nasdaq,Crude Oil Prices Supported by Geopolitical Tensions - Nasdaq,Neutral,0.0,https://news.google.com/rss/articles/CBMihwFBVV95cUxPSWpqM0ltajZyZEo0WjZlWDJ0T0xha2dTeXVYOHd0R1VVb3RiWGFGQXVyc2MwV2RDcmU3V0lweHAxcWUwTXlhc1FxdEo0dmFkUE5ObzhPbTRXcjJ3OGd4RmZONWFST0VGMEs5VUVvdzVpb1RlOEM0ZUJUS29TOURiandmRDN6QnM?oc=5
2025-12-18T16:44:57Z,Dow Jones,Meet Dow Jones’s New GM of Geopolitical Risk: Joshua Haecker - Dow Jones,Neutral,0.0,https://news.google.com/rss/articles/CBMimwFBVV95cUxOZmtObE1ERE5sSmFWQWJWRUdyenhJbTk0T2NuT0ZZY2luRGtXZVJtUjVkSFZ6SHBKa0NSMWZvMmhfZFpyMFUzeTlqNURGTHhSRklhczFjSU1WSVgxVnhpR21XbkJRWDR0NFRHZERvdXhRY1FoMmF4WTdZdnE2RU9rdjFUMS1jU2FxNFhPb2hiQU0zSXVuc2JGbm5odw?oc=5
2025-12-18T16:02:00Z,The Wall Street Journal,Japan’s Sticky Inflation Likely Justify BOJ Rate Hike - The Wall Street Journal,Neutral,0.0,https://news.google.com/rss/articles/CBMimANBVV95cUxNeThha0swYzI3MVVhWU1qNjlCZ3EyZ1RzYjI1dE1JUHpIVVVSdURKVU03SDE5ZHdhQjhhay1URU5CVjFrRUFDT2R2cW9hbjZXLTBZOFk2WkV2SWFQM24yLWpuWHhfc2oxNEwtcTkzdDU1N18wazFsWGZTSmNaWEQ5d296SXdfSExHTkoxU0RVS0o3WGx1VFVwVDNHckphX0xZLU5RS1JKZFNNWmJqRHJKSmRfakEtdjU5cHQ4VFZicjZJWjVOWDBvbVkyS1lwZW5BWVRCa3RvdTc3Z2NPT0I4VllNTG1wZ1ctMXk5VGQ0YjBiTDlnY1NacjZwWGRvT0dCcER0NldEMExnd3BSRzMyS1N3NmlmZ3V5QnNQd3RqSWxaX0FoQUpOSVQyc2NyU0VuTVpmVWpqSDNHWWhJSVZ5bXZUQzhfMHIwOVBpVnFmaWdQRXpQa1k2VHBwM0NhbnBma05zZ1FwYzdhTWZBRE9ZWnBkbFc3M1RSWGpsMDRRQXViblk2WTJ3R3dHV2doZ2lETXBMM1hXQjg?oc=5
2025-12-18T16:00:00Z,Reuters,"Wall St closes higher fueled by tech rally, soft inflation data - Reuters",Positive,0.9956,https://news.google.com/rss/articles/CBMi0wFBVV95cUxNTWNNMWZ3NHlzVEhGdzJKQVNTLTY0el80dlBIYUhIODI4Wk1NemlqSGpPdGIwa1hDXzc3bE9jaUVFamRKNFR4V2UxVmlBRHlVWjRHWE9xNmtLMjZUbDlLU0RqTERJY3hYeGNIT0lSSURsYkV4ZVU2WTc1WWw0bm1MXy02UEJQNzBfT2pMVFlFOElfV0JRNUlVYU5jU3Q4eThObkFrRUFja3hiVkMyQ0p5LWJ0U3VteFViYjZvd3A1aXEzLTVteWVCbkNsNGsxTGhZY2xR?oc=5
2025-12-18T15:55:08Z,PBS,Chicago Fed president on the economy’s mixed signals - PBS,Neutral,0.0,https://news.google.com/rss/articles/CBMijgFBVV95cUxPQmM1RjdxdDJsTXZHbVlRZVViemFmMS1GYmwzS2FkNW9YX2lUSVR3S3RvNl9qX29pWGY2QllaWEl4WUl6R0o1WlVnd3BpR2tMSVNwYnJjQldHQlN0NjlkNmpGV2Vmbl9FTXRUMXZhbHNRNE05UUZsVFJ2b1o3Z1pwTHVYckVPUU9ZVHJUU05R?oc=5
2025-12-18T15:49:19Z,Bloomberg.com,Japan’s Inflation Holds Steady at 3% Ahead of BOJ Meeting - Bloomberg.com,Neutral,0.0,https://news.google.com/rss/articles/CBMiqwFBVV95cUxOZjlvUlRoN2NuNEozNkpzRnVaUDJkRVdwQkoyS1ZoamNwUDBMOHVwbl9ZZm1teUw3OHQ1ckZFaFVoUllwczdTb09fZHc1bFMzWTlKZzMtVXltbm9LcmhDcFdoS1prdWkxX29iOHNGeU8zaHRUWENqcWp0RjVYSmtyYzRHRFlPbndFbGhjcVBGeG1zZzg1c2dtU0xjSjEzRmlfdUtSQW0yc1l5NU0?oc=5
2025-12-18T15:44:19Z,Bloomberg.com,Watch Stocks Rise on CPI Inflation Beat | Closing Bell - Bloomberg.com,Positive,0.9911,https://news.google.com/rss/articles/CBMiowFBVV95cUxPQ2lEM29RYmJvajBJVXcxdlg5WFlaczQwVjgxSkpZVmNSbVNNZmF2OTVPdDcyWlpsVmhQZk5VZkVXM014b2ZiYUtuMllTc09hZ3JaeVZaejJvOFVsWEYwX2txNzhtNnJiNEo0ZDYxQ3pFdFZCVnQ3azZjVzV1V3YzdmJraUJDazlXLU1QYWtnN1duMzg3cFhyekpNb3lVSnEyaFJj?oc=5
2025-12-18T15:35:00Z,WMUR,Shoppers search for gifts amid higher inflation than last year - WMUR,Neutral,0.0,https://news.google.com/rss/articles/CBMieEFVX3lxTE5UbFUzcktOZDhFX0d4NmN2WDdHQVJuUGpDU2Rta2lqNWZaal9HUldfRDNxRXBWMHk1NU5wOGdDamd5VzYzSzVJc3BUUHVuVXAwT1FGbkJheHhGYWU2U0tKb2FXbnNyUlhnSXM4X21GUVU0SXFVNUxMdw?oc=5
2025-12-18T15:26:49Z,Financial Times,Flawed inflation data dashes Donald Trump’s hopes of a quick affordability victory - Financial Times,Negative,-1.0,https://news.google.com/rss/articles/CBMicEFVX3lxTFB4UFlHWFY4ZlNreFplNlVEZ0lzSExGdV9UZ2JKc1dLRURraGhwZnBTOUtaMFNvOEFtM3JBX3dtTU10Y2F2OE5Va0Nfb1JqUnhQbEc0X1NxYUJ0bF9xYTFOV3lzQzZkMUdHc2QwdzYwdTQ?oc=5
2025-12-18T15:26:10Z,Bloomberg.com,Gold Near Record High as Inflation Data Supports Rate-Cut Bets - Bloomberg.com,Positive,0.9998,https://news.google.com/rss/articles/CBMiswFBVV95cUxPeTBhMUpFSkxYNHJFSDQ4b1V1ei1CQWd6YzlITk5TalRXNm5ydWp3MDBMR2FmS2FLY0pTMkpFY1RUa3JSMVRQQVZUS3VoQlYybFZDNE9BeU9wYWV2WUhWVE1jOUJ3ejJZTmd0YnI1NFJDTy16OHpYc0NSUlE2OExvM3Q5allHd1dlVlJPNU9DSkVPdGdtUWx1MzhDVHAwalJpYWtwcG1VU0prUGpyUTJqV2xQVQ?oc=5
2025-12-18T15:10:05Z,Energy Intelligence,Marketview: Geopolitical Gyrations - Energy Intelligence,Neutral,0.0,https://news.google.com/rss/articles/CBMickFVX3lxTE5TaGhlSFZWd24xTTJxdHlOWGFsZkpfbldqMmN1bXllRjlpRWNOby05a0dob1BfWmpMNVZ1S1JLck5xY0pXTnpfNGJLWTdITDlkVFd3ZDR2OEs2ZVNGaWNWc19YTDYyeEZwRGhnaWlCMUpDZw?oc=5
2025-12-18T14:56:17Z,Bloomberg.com,Economists Wince at Trump Administration Inflation Numbers - Bloomberg.com,Neutral,0.0,https://news.google.com/rss/articles/CBMi5gFBVV95cUxPYTUzX3VKVUl1SUZzVWt5NS1KNzdDZElMREV2aE51NWdYdngycnE2dkhEbXV3NEd4Zy1kcFp5Ul81blBucHEyTnhTWndrenp4WUZNS1pHd3o0VFJ6aVZ5ajlKaFViX1dHbktIZU1VUEYySlF1RGhHa1lUb3VRREVHc0VVWGppS0haa0I3dG9Vdlp1WG1BMTlsbGNkN3RtbUtWeFRWUXhoWmhpN2Ztc0hCWTQ3M1NoX24yYzN0LVpwSzVIeTZXMXNEUE1QTXBtQlpmU1lwZi1hRjltR3NzTjNrOVhidDZ6Zw?oc=5
2025-12-18T14:56:17Z,Bloomberg.com,Economists Wince at Trump Administration Inflation Numbers: Evening Briefing - Bloomberg.com,Neutral,0.0,https://news.google.com/rss/articles/CBMiyAFBVV95cUxNd1dsN3kyaW5iX2Z6SVRTSllzTExSLWxFMUJsRWtJcTI3anFoWXd5QUdnUURTU014WE9hX19XZHJ5VWZLTWNVQVZxNV9sdFdoNnhiQktYd1doTXBwX1RNdlllam1sQm9Ba3ROQ2dNaUZreXVJTmt2Q0VnZmtCTDlYNXBjLWxsLVEtQmh0MUtPZVgxd1NlT3FwMDdPa1J4ODUxTnFCTlJHRlczaUdsZTJTRjlaOWF0MWw2LTFqNG9vRV9CdXo1YjZJVg?oc=5
2025-12-18T14:48:06Z,Consumer Finance and Fintech Blog,CFPB and Federal Reserve Finalize 2026 Inflation Adjustments to Consumer Leasing and Truth in Lending Coverage Thresholds - Consumer Finance and Fintech Blog,Neutral,0.0,https://news.google.com/rss/articles/CBMihwJBVV95cUxPWGJrUzgzNTBiYk9zZjM2dVNMcWVhVDJuaWRhR1R2UkFJYTFMcU1tQ3VaNFdYQnpTYXlnZnZReFB0U2htZ3dVRkFOZVRNU0dPWEFFTWVpd1VPSzk4alNWVjNQOWZ0VWpfNkw0NHRRZEstQWRRdUlqQTdNVEoyNU4tajJsR3k3UHVVZlhLSXV5X2I1c3Ffc2JzWk9ZSjhoU2NObjFoUEJlSUhKYkgxUnMtdG5keEdrb3FZdExUUDFsamZfdDh6MENKV2gwMDRmUy1pSGxmTjlaMG82c2dYM3Fib2Z0SUtNLTBod2ZPc24ya1FtSlpYUEV3VnRzV2NKaS1BRGFXdzhoOA?oc=5
2025-12-18T14:39:45Z,Bloomberg.com,Bloomberg Businessweek Daily: US Inflation Eases - Bloomberg.com,Neutral,0.0,https://news.google.com/rss/articles/CBMisgFBVV95cUxQOEthTlpmWUNLNjkzMFkyNVIycHFhbnlTWm8xU1J1dU1CZDRiUzhDQ282V09mVFQxNUFuRXYwbmtHMm5pZjFQNmozVVBuaHN0N1FWZkVNRXhtRkFGRVJwdHFFU09CSzF4OUhMb3VOLUNtcS15ZnhIMksxUjdfOTZERGZlSEdoVlB0bVFHaGJONXRqSEhuaWxydlBncGhTZFNWaG92RFF2b3FDeFMyNDBBVl9R?oc=5
2025-12-18T14:15:00Z,Yahoo Finance,"Chip stock dip, AI uses, gold prices: Market Takeaway - Yahoo Finance",Neutral,0.0,https://news.google.com/rss/articles/CBMieEFVX3lxTE5OZThiSXFWdllSTEtwS1BlZU5iYmlpNURWU3FHYkxwdy1oWVU3QnVVTHVpR0s5RzBZeTk3ZDR6c0dVdWxiQks0QzNxRnlKenNhTjBPWkFoRDJVTkNRUnRzNmxLejFVdC03Y1FpVk9aMHV5YXdFZW1VaQ?oc=5
2025-12-18T14:07:10Z,Reuters,Trading Day: Three cheers for 'whacky' inflation - Reuters,Neutral,0.0,https://news.google.com/rss/articles/CBMiigFBVV95cUxOTDNieGVyWE05OFFnQmdiZF9NYWROYlR3RXNnTW9DRkdPNXlsOFR6aVVJaVBRRm55NjhmaGlsWk5TX1ZBYVh0VTNIQVFNQ3RqMndnVy0taGhMM1lsVEZENGN5djhweTVJVEhCWGVFcmxELV9EWDBLZFViQjhuUHctbWpuU0FkTHpZZGc?oc=5
2025-12-18T14:00:48Z,TradingView — Track All Markets,"Federal Reserve Revamps Bank Crypto Rules, Opening New Channels for Digital Asset Trading - TradingView — Track All Markets",Positive,0.8947,https://news.google.com/rss/articles/CBMi3wFBVV95cUxNSllaVlJ1QU9XVnA0M0Q4Y0MtQ1R6VjE3WUdPOWh2dndwUkNRc2lxejU3aXVVMGZ6ZGRBSXI4LWp0STdNcmxDSEFhNWlPYTQyRVVETk1ScjZWdXgyNHJoR0d6TG9kTW16WGl4NElNY1pTM1MxdDJ1b3NOblBQVjBGRmRrMnYwOFNnaUlER0xoUG5XdWRKcHNid21kRjRLTTlEcGFPSjF5OVR0SExXV2JOV2dQNThNVDVpN0NlZHB0N0ZBUGNJX21MdTlaUVJJWUN4SjlLSHdSLVEzLWlmN0Rr?oc=5
2025-12-18T13:58:00Z,The Wall Street Journal,Lighter Inflation Number Cheers Stock Investors - The Wall Street Journal,Neutral,0.0,https://news.google.com/rss/articles/CBMimwNBVV95cUxNOGN1NmVWUXctcHVqa3FFZHFseXByOWFqRS1la3NpWGJRaGJYSDZyaEU3QXdYa1RIU01pMEZaeWhYQ1dxQVAwNm4xcTM4czJZYjdXR0JYLUg0Qm53Ynh3UUxyRUFyZDRiOWVXeW9MN3lvSXRxdnZFM2tSMFdLTU5jXzZsaE9KOWdhOTRzdkVxcU9LY3pLenU1aDNuWTdoYzdvTjN0QVdReFZ3UXEyRFpQdnVtTkw3a0gzcm92TE8yay1HWHF0MWt0VmEwcU5VMmRBZWR1SUM2MWNZWDdLVk5rZF9qTzhvcGZzU080b2ZnY25GNkFaOG03Tjl3MkQxMW44X2RHWDJTc3hVQTl0N2VobGFPSFJ3MEwyVmJiMVZ3TmxzVXk5bGx1WC1WM0VqR000UllOYUJ5aWxhYnJwYVBtWEMtc0dHT3k4c0x1Z19ZVzd2V2I1cFpZTUdMNGNYYVNjZnhVYzFRS2traVVKeGlPVl9ZYTJNNVlVY2g4TzRIaFNURHNobTk2LVJvdjBmcWZQUWR3WEJYVVVkN3M?oc=5
2025-12-18T13:54:35Z,FXDailyReport.Com,"Forex Technical Major Pairs Analysis | December 18, 2025 - FXDailyReport.Com",Neutral,0.0,https://news.google.com/rss/articles/CBMihwFBVV95cUxQRXhLMzFyb0hReHptMnFfNTlkd05RSW1RSFlwSGNyX2ZfelUzYmNfWGN5aUx1QWxpWlhMN0ViZlJWTmZpSmZfZFVXdm1BVEQ1X05SV1pQQ21lTGVYakszV1o5Z20tcElldGJRWE5PczVvQklXQkotTnpEempMTVVWUWNadkU1eG8?oc=5
2025-12-18T13:37:56Z,ts2.tech,"Gold Price Today (Dec. 18, 2025): Spot Gold Holds Near $4,330 After Soft U.S. CPI as Fed-Cut Bets Clash With Inflation-Hedge Demand - ts2.tech",Neutral,0.0,https://news.google.com/rss/articles/CBMi3AFBVV95cUxQYVgyUnNoa09hU2tIRWRxbDB5SWYwa0hHS0Vfek81Tm9zbUV3ejBZbTRWUENLeUVxeWcyNGw4V1Noa2ZsYWx4MWdOZ3lmVmZxU0JDeFBIdWF5cGEwR1BoRGZMd0o3UGloRDZWNF9qVlZlTDd5UlhibDhCX180b3RBYzk2cnZjS0lBTl9zVTdmUUdzc3Uzcm5IcU41REZQWjRRb2U0ejZFWkZDdW1PSHM2RmdXeVAzaWgybmllWERRbkUzRXdtQmdtb2cyUFNlUlkzRnRDeHBmTTY3MTht?oc=5
2025-12-18T13:31:52Z,Bloomberg.com,"Trump Gets Good News on Inflation, With Some Important Caveats - Bloomberg.com",Positive,0.9997,https://news.google.com/rss/articles/CBMiqAFBVV95cUxNWUhBcEltY0dtU2VCYS1KZXNXbWxnc2lnSy1PLTkxbnN1dVZJVnA2UnZQNGJ2eF9Kei00YWNnTHg3WGZGRW9KRjFKZFlPRzcydURNVUpkYl9zQ1BvbkxPNDdiWnZINUpIMUdjYjJmaHJFaGQtUnhfRUNaN3AtNzJ5X3dyUGxLbFNoZTRSd1hxd3RXOUZjV3JTXzJxUWt5MmtmdV9NUmFQX3o?oc=5
2025-12-18T13:12:00Z,The Wall Street Journal,Inflation Eased to 2.7% in Report Distorted by Government Shutdown - The Wall Street Journal,Negative,-0.7575,https://news.google.com/rss/articles/CBMimwNBVV95cUxNSzJDVFpYSk5LdGkwWTkwTVVzNHd5MDZJV2lEbkc3SUduMExXWk01T2VrQTUwRzVxQmFuOEpSb2dVSXBZTDRGS3ZIc0ctNWd5b2Y0Sk83b3BBSWd2dWFtWjJJODdKS3JTSGI0S3RZbHpqeENsZXY2akZEVU9EdFdpRElKaF9oNWQ4Z1Q5WHNjN3dnTHFrQS1ZMW9RQThkT25XQTg2TWsyb2t4RTJkMlRmMTFSZ1llcWV1b2tsZzk3OVR5dVFsYTloQlB2TngxdUpoUS1aUm5RN3A4bWFFS2dGcXRYeldQRDVVcFJWclRUMVBtSWlzZTZmbGgtM2lzV1VNSUhIcnFXX1F6QWkxbFB2bkppTmtxck9rQktlWkpPX3JQNjB4cW5IOFZEMDNiV2VMQmNYeG1LVjRCR0tzbjZEdFVrVWFnNGZPTE40aXpSY3hXUktkcFN4ZGxKMHRZTEU0ZUdsbERBRjdBTW1MUXhRM2RSX1BlVDBmWU56VjkzMXNwRE1GV21hM2hkU0VZMFZ5V21kZE03Q1NId3c?oc=5
2025-12-18T13:02:27Z,NBC News,Inflation falls to 2.7% as slower housing and food increases offset a surge in electricity - NBC News,Negative,-0.8411,https://news.google.com/rss/articles/CBMihgFBVV95cUxQcFBXU2pTQnlqOEh6OTQzYkI0SFhIZ2ZlamU5U0stbHlqcUVRNjNpc0daMUs1TWlvNzY1bVAxUHZsS1Byelk5OFd5b0VuZ3VLRjQ5X042LTU0Z3ZQNWotcjh2Uk5nZTlzR2lMRk5NdW5GSjkzWDhtUlh1THB0VjRVNE4zWWhzUdIBVkFVX3lxTE1icnpCRmd1Z1BBQUNHYkJnelBlNXlkNUR4ZTE5c1V4eWVGVzh2cFY2RXFrN29TcWxtY2ZlcnZySGREV1Q0V2JUZ3Z4ckxmQWNpbGl4clln?oc=5
2025-12-18T13:02:00Z,Investor's Business Daily,"CPI Cools In A Big Way, Shocking Wall Street (Live) - Investor's Business Daily",Negative,-0.9999,https://news.google.com/rss/articles/CBMiqAFBVV95cUxQTkhXOGo1dWtiX1hnaWt1VWNBYmdmdWVpb3hJaUVSam5uUUptaWN1cDZheHdTbHdrOGsyM0FXbS1icjZkWEgyS1NVTTJ0RVliUzNNS3F3UE5NYnNEZmtxNG0xZHVSbHFLdjFNOXVpczZWYlh5RHVSc1RqcmV6d1JUbjAzcy1FaktWM0ItTE1sb1lyWk51UkNzMzZfNDhQLU9ETzVrRlVNVy0?oc=5
2025-12-18T13:01:39Z,Yahoo Finance,"Stock market today: Dow, S&P 500, Nasdaq jump after cooler CPI inflation reading as AI trade reignites - Yahoo Finance",Neutral,0.0,https://news.google.com/rss/articles/CBMi4wFBVV95cUxON0k4WUh6LWpDNmY5b0gzNGdmY211eTVmRmZwWnJ6SkpVMzA1MTZXV3M5RVdBWHI4Z05HMTVSVG52a0poNDNhbDVkLUxUc1pEU25aejVDTzZqNTh1cjV5Z2k2VUowQTE3MEpBYUs5WWI3WHZwcjBTbHJmZVJxR2ZSbGVQc3RhZXpjMTk1VE4xRW5LSUExSXZ5YjJ3elhxdkZkRG8wNUVQT1BKd2RPTEZGTjE0ZDRfRDFoZ1ZpV2xHSTNhdlJ1VFlMbl9iVFhPN0NSaFZuMGRCaTVrWFJwT05JMnNIWQ?oc=5
2025-12-18T12:53:50Z,Reuters,"Finalists for top Fed job want to cut rates, but diverge from there - Reuters",Neutral,0.0,https://news.google.com/rss/articles/CBMipgFBVV95cUxQT1VLTkY2dXptOXp2dHNmNzl2V3hzMEVDMGtPVldiNmlUS2d3MmgyVDUyTGswOUt0UlBra01tQTZFQ2pkeVB3MGRjYklSekVOR0dNZUtBMkZablphNlBfTm1mX3R2Y2FQb0ZwYWotUjFHMURWbDE1WEk1WGFyeUxfeFRiT1BPN1YyVm5PWXM5Zkl1Z3NHQklFWHF0WjFqemIwUXJCQjdR?oc=5
2025-12-18T12:41:00Z,The Wall Street Journal,"Oil Adds to Gains with Venezuela, Russia-Ukraine in Focus - The Wall Street Journal",Positive,0.999,https://news.google.com/rss/articles/CBMipwNBVV95cUxQX3RYSGdLb3d2cDF3Sm9QLU15NzJkN1BQWnZiR2lydV92bE5PY3czTk1ZMHJYRzRCZ3FFc05PRUEzdDhsamJ6SktWbjBnTnJDNkdPdWUzaldnelp2Zk8wWWtKd3BuREV5SzhMQ1lWM0w3RElwM2hVVXg0cjUzUjZvU19SX3pLQnUwQkwzWUswRG42M3l6ZGFQdEdlU3VsYWtzUjFtR3hEM3pSMTkza3RpNW9iaDY1WFI3TE5BRFZjQ2xQVzVtX2VtN2hDekU4VFlubm40TDBmcl9SNVJEX0tsYVhvVjBYSzUtTFZDVWR6YXd0NTJTT2V4Uk5TY2dTYmJxazZiLW1IZzBnNW1ITlVNOTZtaHdvNnExR2tsLTFudjZYdS0tMTQzVkZnU2FSWWR4dE10ZXRqSDc3T3NWdkZkSmNiRTI0Z0xCcUM2NEhlX1ZwaXk1b2xKXzY0d2JWWmExTmtieThJaGYzZUt2RmhRSlJmcHdiV3pjVEFmRmR2OWVmRkJsU3QtdVh5Y25MNzlLckh4UjVmbWlZY0oxUkVESWdYdGl3RDA?oc=5
2025-12-18T12:34:00Z,The Wall Street Journal,Opinion | The Fed Quietly Announces It’s No Longer Steering the Ship - The Wall Street Journal,Neutral,0.0,https://news.google.com/rss/articles/CBMinwNBVV95cUxOSFRXR3F2aExTQ0IyaHZRT0VkaGZRdmpBa1BTVkt5Y1k5aENPY1A1RFlJM09VMkNmY3VJTDBJUWZFMTA5anJ6SkdRX19EcE1BaUdjTUNmOS0yaFJlTW0ySGVISEQ1RndOS3hSS2Z3c0NuRlFLa0UtVUZPU19ocS1MR1VYOEFJemR1R3ViXzBIX2JWd0w0SHZubi04dFJYUy15M1QzYUh0SWYwUkw2cW1XX2ZLLWpUc1RiN3NpWVhiWmItdDlBdjVQSmg3ZGNUdV9vLVNpT0w0WUVfZDRmQTFPaDZ3dVNwVWNHNy1vQ1U3ekROLWprWVh6akdfU0ZOS2hSbXhMcE1LeWF3RXgxUlZCZ0hISERJdEd3c1dTY0o5bDRrVFR4d1c3RDNtNk1odU9NNmREZU1DM09ZR3c1Tkc2NHVjbkIwbHFvWlpkSGVEb0Nva2Q0TGJKbmRCc2dtZkJfaGk0UlZCWHNlelF0cHpYcWZxcGY2MUtQNFVFWjl4Y0RVa3dHM21wU0VkX3NUNzJLTk5SUkd0UkV5SHR2N0c0?oc=5
2025-12-18T12:33:58Z,Reuters,Mexico central bank cuts interest rate as its raises inflation forecasts - Reuters,Neutral,0.0,https://news.google.com/rss/articles/CBMingFBVV95cUxNaHdqSUdlOWIwN0lsVWs4RG9XODlQLVdQUXBMa2lNdk1Fd2hLTVAxRV9SbEFId3prakVNWnBwVWFfVzk1QUQxaHdxQzdUMVVSYW0tMEg4M3RIajktSTAzaFJlWjRJVUhCSnRLa1hsdkRIUUVnVnVza3AybkY4YmxGMVJ5NlF0SENzX0VoOFhFRXNPUUtkMEQxQVRIMU1kUQ?oc=5
2025-12-18T12:31:00Z,CNBC,"S&P 500 rises on cooler-than-expected inflation data, strong Micron earnings: Live updates - CNBC",Positive,1.0,https://news.google.com/rss/articles/CBMid0FVX3lxTFA2SmtfYlgxVWJVWWdqRGF0YmYxUGl1bTFQWXhpUmJmZjhVRTBleFd6TWxBTWl1MG0xaFR1RlpzcVZ3N0RBVnRScGVVTnBhOVNPdDFfMzJfWlhLX1VoVXJpb0xnT3dfUUV4dEc3TjNMQWlzeVRFd1NB0gF8QVVfeXFMTVJxT2VTdUJzR3oyMFJhMnhNMUxON2ctMGRoUXkzX2xjSndqX0hjRE5JaVp5NXhvZ2hYWDNrWmlrb2RCWEEteU5UbFdKR2ZrUXljVVdaQ2JnTEtZbXlUU0xKM1B0V251bHFKNFVfTmZJM08zVW9nckNFTE1qUA?oc=5
2025-12-18T12:30:18Z,marketpulse.com,USD Stabilizes on CPI Doubts: USD/JPY Ahead of BoJ Decision and FX Overview - marketpulse.com,Neutral,0.0,https://news.google.com/rss/articles/CBMirwFBVV95cUxOWVoycTlWSnNLYVh0OW1CYXQtSXF3V2EwSGZWSG1Ya0hoYnNyYm1XYUhzcUhxSmpMVHhrYS1XVmROWHpYNEVPd05kd29JcmtXNkhIUkI3SVBFY0RjZXdudG1hLTdKbmpGZm14ekhadzhhb1ZCNjZGWmVPV0o3VlFiN2FiMnZsaEVfeHo0NTN3aFUzOE5xOXlwTmJCWF8tdWFmZjZrNDcweWVIYk5NWjkw?oc=5
2025-12-18T12:02:12Z,Fox News,Harvard economist says Trump inflation report leaves ‘no other way to spin it’ but good news - Fox News,Positive,0.8973,https://news.google.com/rss/articles/CBMiswFBVV95cUxPdVRtSmlpa0xDQmU0ZGpLVmdFMGwwN0R2TmtiX29oTFlmVHc0NEFqNlh6cEp5elF5NnZpQnAzY0MxNTZFeWRJMkpwZ2dCSHk4LVBsUFZNdC02SDlKb1htR0VqSXZxU3Q4NnpaOFVqS3FLRk1JTGZCU2c3QUt6bFdQTXNZaUNWOHRLMVZuYkItV3dFS05kcWQwUm1vcE5kTC0zc1AzUDR6Si1DWW9NeUFUUTBqRdIBuAFBVV95cUxOc1BZTGtLUUp3a2VmdFRUbEtkRWhRU2tDY1IxdTQ5cXZZUF8tbVEzUzYwV3Y2QUxFNHNaa09wRmVYMHRaY1l1TUJvbVFQdHpNWFQyRWVOeW92M3p5LXFOSkVWQU1UUWxzbGpsQnVlWlNSb3JwNUhEVTFSV0VGUHBaQnN3c2lxWnRmNnotMTliOEVLYnVqeldISVpyT01DcVJYTkVmMkRyRFB0cWc3ZVBaODNUdzBvNnNZ?oc=5
2025-12-18T11:55:24Z,Reuters,Wall St gains as inflation data and tech stocks fuel rally - Reuters,Positive,1.0,https://news.google.com/rss/articles/CBMi0wFBVV95cUxNTWNNMWZ3NHlzVEhGdzJKQVNTLTY0el80dlBIYUhIODI4Wk1NemlqSGpPdGIwa1hDXzc3bE9jaUVFamRKNFR4V2UxVmlBRHlVWjRHWE9xNmtLMjZUbDlLU0RqTERJY3hYeGNIT0lSSURsYkV4ZVU2WTc1WWw0bm1MXy02UEJQNzBfT2pMVFlFOElfV0JRNUlVYU5jU3Q4eThObkFrRUFja3hiVkMyQ0p5LWJ0U3VteFViYjZvd3A1aXEzLTVteWVCbkNsNGsxTGhZY2xR?oc=5
2025-12-18T11:50:49Z,Reuters,"Goldman sees gold at $4,900 by December 2026, projects oil price decline; copper remains favored industrial metal - Reuters",Negative,-0.9894,https://news.google.com/rss/articles/CBMiugFBVV95cUxNUUh2ZW5UOFVhUTRyMW9tdTExb2lnUkN5aGczODRfeE5WX0dwbmlnbTV4QnA3TTRyZTdwVXFFV3hwZWowZWc0VFJfd1N2TXNPY2NWNzJEcFlYR0ZmY1pOWlRkWEg0OWNKNS14WXdWWnVxMDM0dUZSQVRxNEtZM2p2TkpPRERQcno1YkhIczFOYnFUM2pfZXJ2YlF5SFhta19rdU5VOG5uQl90UFMzaGtfWXNKWWdKWm1Cc3c?oc=5
2025-12-18T11:43:18Z,Fox News,Trump touts economic wins as market data shows cooler inflation - Fox News,Positive,0.8121,https://news.google.com/rss/articles/CBMiVkFVX3lxTE5vb3dmUFZIdWp4eDFmQjdTSm5qeFlYN0tKUXFYcHhDRHdaMFZRdnFtM3BtZzNLamJoUHRnWmVQU1p1LVh6Nm1BYzFKeVk1UTIwbG11NWp3?oc=5
2025-12-18T11:42:24Z,Reuters,Gold inches down as market digests US CPI data - Reuters,Neutral,0.0,https://news.google.com/rss/articles/CBMisgFBVV95cUxQVnV0NVdCM2NFRWExSlVxdmlmem9YcXg2MkdBemxIdzBlRWlYVDdhRkRQQjlHcnNwRnZnT1FjalRRMXZOZ3Z3ZEZvRUkwZkJrV09OSlp3MHB6eDFKQks1bFpONFV4WHZVTjd6LU9FcldHVl91MTZuT09ZNW9hRzZxdmZMRWZFazh5RTVhQ01jOVZPd1NfN0xROVBUTGIxbWJKbzBHX1k2RE0wRlczb1dBTTBR?oc=5
2025-12-18T11:33:00Z,Bloomberg Law News,"Trump Praises Waller and Bowman, Says Fed Pick Coming in Weeks - Bloomberg Law News",Neutral,0.0,https://news.google.com/rss/articles/CBMipgFBVV95cUxNd0ZCLXNGNDQ4cXQwdjQ0NzcxYzQ3aDU0anFETGtqZGp0Nml2UFE1bGVzOURNTUFWbmJRZnNJd2h6UjMwaVdvSGJPODc3WjVsd1F1eEhwdko4ZFlxb2Z6OVd3OUpWREZac1ptQ0ZwbzFzRk14QTFteVFIWVN5d2dqM0RRR2JhZ0RwMlVPUmNUekJfMHRSRExxZmZHckY0WXZSd2Z2ZEp3?oc=5
2025-12-18T11:30:48Z,Bloomberg.com,Mexico Cuts by a Quarter Point Even as Inflation Speeds Up - Bloomberg.com,Neutral,0.0,https://news.google.com/rss/articles/CBMirgFBVV95cUxOS1JGM0xhbjFhVUp5YW11WF8tZHJpTWI1b0NDU1I1a3F0MTVKTFpkenJZbWtJc3ZKQWwyR1ZrQmRsaVJzVUFPdFpVUjFXNDFnXzRzYVRsSk9INnZOMTU2ZWJyVUR1ZWxhRWFMSGVLektQXzdLbGhQbHhNcXV2enQwTElNeGtaQ3JJQWtHTktsLVZRRDFJN2NJVmFtOHVsZFZmVFA4TVhhYXRndk1TTmc?oc=5
2025-12-18T11:11:53Z,CNBC,Trust these numbers? Economists see a lot of flaws in delayed CPI report showing downward inflation - CNBC,Negative,-0.9699,https://news.google.com/rss/articles/CBMi0AFBVV95cUxQTkxSNUozV29wVU5WVXlDSHExVHNZUEJfa2ZCRXZhdTdkS2pVbVRrX1g3M0prdHlMcmEwZzM2VzEycGJGcmJMMGFtUHp2Vy05czc4RkxPOGdxWkpreGhGZjlwNjBuU1VRSkdMcXFLNWRsSmd2YVV4aFV2amQtRXE0NGRkdkRDVHlMc0NBZmFwMDlCd1VyRmw4RG5Nb00zaUdGMktEWG5YNUNobmlRd1lTVVhzYzBRTnBkUkRJU2RXM2FEM0gtOHFQZVc4bGdILUcx0gHWAUFVX3lxTE45aGR5NU9BVmdMRkdkM0FNVGFKbFFBU2ZTVUppOWo4VmNQdnU3YVBKeFowZF9wVHRqeW0wUTRJcXVEWWtHU2dic0p2bEg4Z1h1SXl1REF2dFNDUXVYZk5Sa3lDcWpkX014NzdRM19lSUM4bnlRSENxb2NUckRPMjdZVy1VbWlRaDJreXBwWjlmVWhDR1VkMHpOSUpTb1V1MmNpSVZTNm1heGE3ckNGbHhURU1udmdUc1NTeG5JRkpWYnZvUzVrZ05yanhhMFMtVEM2d1BaOGc?oc=5
2025-12-18T11:00:33Z,Bitcoinist.com,"Federal Reserve Withdraws Crypto Rules, Banks Get More Freedom - Bitcoinist.com",Neutral,0.0,https://news.google.com/rss/articles/CBMijgFBVV95cUxNSzdZSndyT3VheEJCUVpFVXpoTmdfcFFuMU5jUC1pZm1OSnpkTWRRNWZrcXBfbExOMlVGOTJBcWlTZk9FMEwtQzVTdUhOeEdrVHpuNFNGX01aT3ctanpaRnpsWTNIVGcwZENfeDJpMnNlbXFhbTVpUlpOcDBwMFBhdmlaLUFVRHpPSzF1aTFR0gGTAUFVX3lxTE16X0RETjNZQUlVcHYwOERFMHBRZTFMZHNueDY3QWs4ejdmOHc3TWtQWFBtaU4wOEZiZVZMLVJLTWlqYUdYcFNwRkdzZWN5cW9wNGswZzcyUWNyVGRhdXB1ZlpTUDk1TkxFS3VMVU4zYi16RmxlQVhTbzI1X0JZbkJvc2I1UzNUMEl0S3N3akJQQ3ZkTQ?oc=5
2025-12-18T10:54:55Z,Reuters,"US annual consumer inflation slows in November, but report distorted by missing data - Reuters",Negative,-0.9997,https://news.google.com/rss/articles/CBMiqwFBVV95cUxQVGlqN251U1dpMDlvNnM2dWRZYWF1X05KbEs3ejJ2SDB5bU4zamU3cndjYk1MX2IzTEtpaUNkaUZrREVOcDFVNkdvdEl0TGxxdlNFOU1LM095OWhWZzVLYXBrM0l1TUs1Tm43cktPc1RHT2VPbkpjWU01VjJQQ01zZmVkSllhQ1NZNXVpaTBQT2R2dTdDMTNaQnBzVjE3eEZOQmljWHlaejZCUWc?oc=5
2025-12-18T10:51:00Z,MarketWatch,CPI report today: Inflation cools in November but red flags emerge - MarketWatch,Neutral,0.0,https://news.google.com/rss/articles/CBMilgNBVV95cUxON2lMd0lUODhEQkN2U1V0VHFTNGU2RThqa3NZNEdEdU1jLS11ZVF3VXBLYldfcjZFRjdYbC1uTXdkQWh1czFPMlZLOGNIZWpoMENNV1R2dTBfWmxWOVl5VUVPYnlKMW5iWnJMZnFEY2tYeDhyaWVzSWhHRFRNX1FFbjdSUHV2NzRITkVLUkFqZ1Rkd1lUNXI4X1FqQUx5akUwMzVNNHVWaVNhTmt0ZDk0QVdDWTVHR1JldGpLUkZacVRQUU13NmQtMXdVWnZ6TDl6dEdtVFZqUHFfU3l5UGRIdVk4Q1podDRhTG5pbGJTalFIQ1M3Q2hEUE1tRjZ2Um9SU09jNmJvdFFQdVZkSUJGR3hwUUtKQTNyRVlXSXo5eXFMQm1Ga0plSm4wcGdLQkYyRFgyN1VPZmw2aE42M2RJX0pjOVppWGwySWFpNVI4azgzYXkwVE1ZdTNQT2JkSFN6SV83SG96Y2IxUlBKUXlRb2dXVFRSd0w5NkI2NXlNREU3STlNSjdFcFU2NkNaQzNUN0R6bjF3?oc=5
2025-12-18T10:50:10Z,Forbes,Bitcoin Bounces Back Following Tepid Inflation Report - Forbes,Negative,-0.9004,https://news.google.com/rss/articles/CBMirgFBVV95cUxOS1R6eWJ0ckNEaE1oZ3BFX2RiS0FoUUlvSXhhWkd0Smpwb0drUThORHpqdG1mZkh5SHNXR24ydFIyZll2TEI3UG1PaU1FQUUxdjhNY0FSSDhMYUJDSC1HSGVNVzNjTU1WWHdmMkplSTgtOHJVejJKeWdTR0JkcGZnNklOVG9TSG9OM0lfa3d6RksyNzJGWW1DYlp1WlR1WE9IY2tsRWxzNHkxdHUxcHc?oc=5
2025-12-18T10:50:00Z,timesdaily.com,Federal Reserve Inflation - timesdaily.com,Neutral,0.0,https://news.google.com/rss/articles/CBMiogFBVV95cUxQTHlJdGoxZWE3eS1nREFQdDhMeXY5Y3VqaTNrQ0UxWVNlMzlBeWQ4VG0wY09aMjlmMUVoZ3gxbnZMNjFVRFcxdFdDZ0VzTjhOeEI0NU9iVnNyVWJjQ0trM2c2aDVEWTVYTXB1QjU0dDJBWGQzRGRhZ09TakV0SVRSSnl5LWNFaUpBd1pUNEliTUxfQ2FSdWN5NGhDNTczSUlMRUE?oc=5
2025-12-18T10:41:43Z,Fox News,Harvard economist says latest inflation data is ‘good news’ for the Trump administration - Fox News,Neutral,0.0,https://news.google.com/rss/articles/CBMiVkFVX3lxTE5MdXJtM2t3bVI0QWZnRVQyOVc5cDgwcGZISnF3dkRNRWVwZ2tVNnZXQ0RKWEFWOXVpLVlhOUFLSktzVUpReHd3aVc5TXlUbHItUDFsei1R?oc=5
2025-12-18T10:01:00Z,Nasdaq,Geopolitical Tensions Support Crude Oil Prices - Nasdaq,Neutral,0.0,https://news.google.com/rss/articles/CBMihAFBVV95cUxPUnhyN24tQ1FHNGhRNngzZ2tGblQyWVhwQms3MGduV1RNNU5PNGNpekEtS2ZNOFlEaW9IdGdGTFJyYkFKOW9CdFpWclRKZVB3eXowUUdCM0hXeVNWMzhTb3pIYlpoQy1FQk45Rjk2RUpOVUpOTi1ha1FHRVlsNk9pVWFHd0Q?oc=5
2025-12-18T10:00:00Z,Federal Reserve Bank of San Francisco,Around the District: Exploring Spokane’s Economic Landscape - Federal Reserve Bank of San Francisco,Neutral,0.0,https://news.google.com/rss/articles/CBMiugFBVV95cUxORzRYekRkSkpzdHJDT21QX2Q0R1U2WHpBQzE5Q1ZuRG5ySEZHUlRXWEx3OGdXSloxellobXczc1F6UzQ0ei1NVDJRZ3lfb2lKR2NITVlEWGMtX1FDUFN5OHlBTmwxSVlRRDhHVmNDR0hHUnI0dEFtTVJXWmt3NnZ3NFRST1lWbzFJUndyLWFWSlQ3YzlKb3BvalQxY2wteEVUVldOZFkxeF9kanVJWTBFTnNYeElRM2RMS2c?oc=5
2025-12-18T09:55:32Z,National Restaurant Association,Menu Prices | Economic Indicators | Research - National Restaurant Association,Neutral,0.0,https://news.google.com/rss/articles/CBMisgFBVV95cUxOZTFSTW9POGlqOHdzTk1RU1BQM1NNaEZ1OS1xNGJKVGRSWV9zVW1LdjgxVTNsbkJJQkw0WVg3QmNvSlRmVHI2QWdoQXdzajAtV3BEMzJUY2Z6a0stZXlybHMxWHg4LTJnZHpla0JhM3VQSTBQQ1ZHbGZGdUd5ZF9CY29xWThVTXBFd05SOVJaNl9FVEM2djRQbHRSR0ZZVFRha2pQYmtOUkI1R2Z4V0xzcXRB?oc=5
2025-12-18T09:50:24Z,Convenience Store News,Retailer Groups Urge Federal Reserve to Adopt Swipe Fee Decrease - Convenience Store News,Neutral,0.0,https://news.google.com/rss/articles/CBMihwFBVV95cUxPN05YaDd2bXBxUTZPcUxPN2o3bDI3T3h5aGJqdnJWTGdWeTJ6M3cwUjRSd2pkT3BHWVNfbWJRN21fbmlWbVFNTG5hMzNKNFAzR2JRMEhpRlRRWVVGZDZhS3hXUlJpcmlQNGhESjEyV2lGZFRsUTNMWklIdGFsMXNNak13bVFUdWs?oc=5
2025-12-18T09:46:00Z,thehill.com,"Inflation cools; Trump’s $1,776 military bonuses - thehill.com",Negative,-0.6944,https://news.google.com/rss/articles/CBMiiwFBVV95cUxPbXJPVE5aM0JXeDQtdURDaWJhS25kWGFYeXExVU9QekV0YXhSMWxRRkI3M3pmVTV0TzlwMm8yeDV4OVZ3VGZzUEE4S1NmR1Q1MTFLVDFNVmRLLWxwZnBvbmVQVXhJUUUwV21Vd0F0SVR1UGZMbG40REVpT2JVaHdFYU50Y0tvR2MwUDQ00gGUAUFVX3lxTE91aFY0TVdFZHp4cnIweHF0WmxLOXM1eVZydHdjbjV3Tjl0Q0NraG5IZlFsWENpbWQzT3VkU3VJb3poWkhXdko0NUxrMTdjbFJ5RlU1bDE0MVVlelhZaElGR21Oejh3aXUycDEyRXNTWURFay03NGJpOHN0TE0zTHotN0hxNjdrcTFwNjVkMHdKdndYNHg?oc=5
2025-12-18T09:43:00Z,The Wall Street Journal,What Federal Reserve Officials Have Said on Inflation - The Wall Street Journal,Neutral,0.0,https://news.google.com/rss/articles/CBMi-wNBVV95cUxQbDcxRlNFTWEtSFppNGtjZjBSaEV2b20zWjRqdW9VT3RmZFdIckdyanBSWV9wYTA0eE5JeDhGM2JoSzdHVUM5clR5ZEhkVldzV3l4RXFtNEhRYnNORVVIYlRHR0Z3a3k2UTR1RWlYT0gxckZfb0lqQi1ob0dRT09RUmUtLXFZdUxiSHRZcEYwYXhpc3o5cFhsek9NX2IyekZPS2ltZjFPaTF2SXVCTEZhbnExTldKQ3VseVNxU3Fra2hzZ0wxdU9va0FtYWgtWlhFWmVjOXhBVjVCeENuMEEtNFEzYUdETG1yVjZaWTcxWHhSaGlKSUFDRlNnbGlpWDVGUWJVbVNqMkZaV0dhdDkzdHBOOUpjVTdnTXVFclBFWVdHeHlHSEh3M1lwLXRCREFELWFnSXdtMzRDUzY4YWV0QTlYUVk0RERJTmxKM1Y4Q2dmT090LS12WF93V1R3X2d6aU55bEZQYlIyc3RTNzFLTkl4WXNyQlZFdVE4amZkWHR3QWRwejZRdHp1QnFhOU03VzB1LXB1ODBPTVJSQU5fM2JPX1NMZjNDOE50enhvWlZYTEk3MllKRTh2VEcteVQyQVVCV2pJWXZQT0NWSzQzR2doVzZCOXk4SFEwZzRwbXRnVW9ibmJIMDR1MllWd3dIamF4N1UxTEtzTFk?oc=5
2025-12-18T09:09:37Z,CBS News,Can the inflation drop improve mortgage interest rates? - CBS News,Neutral,0.0,https://news.google.com/rss/articles/CBMijAFBVV95cUxOMlMwd0lUaXE0NXRGb0xUMWUtRFJNcDNkdzhoaDJlRnFzSGNTWVZUdkVnenJNUURzZm9teFBHZGw3UzNuTEJ0UGl6bDVITFVkbTJiY1E3bFduRXRDamdjbFJTNndaV3RFWER1bmpVZlhUZkZJdXFSUFpMal81VTdoeFJUZi1fOVVMNklBUQ?oc=5
2025-12-18T09:07:03Z,Bloomberg.com,European Stocks Close at a Record After Soft US Inflation Print - Bloomberg.com,Neutral,0.0,https://news.google.com/rss/articles/CBMitAFBVV95cUxObXZHOFk2bEFRRzA4U1NTdHpEZE94QVdyVTE1WERwYk9EdWhKeGx6dFlJQjl6R0o5eWJOcGw3N1FuejJfdGNybERrdnJJWkk1aFNtYk1kOGdyWHRoTzUtWlhhQjN0SzE4a2VGLU5HRXhkcnZUWDVBMlNqUlJrdmdld1VoVHlBeHRtQ2Q3RWhaY3M1dlJqbk4yaFNrbjYxU1MxSlZjUjhRRFB1d3dZeExYQzBmbkg?oc=5
2025-12-18T09:00:07Z,Herald-Review.com,Federal Reserve Inflation - Herald-Review.com,Neutral,0.0,https://news.google.com/rss/articles/CBMifkFVX3lxTFBRZ1VpdmtsVndWWGhTLWVTOG5hMm5EZmw5cmpxSEE5TkZ6MXNXUDNJb2xIdWZKVERQUGRQSWZDWmlENS1mQTFYeTN0U1l5VnpBbC1POFV5R0VhY0UzbkRNNWtCMlc2NWIzZVNyZGdVbTFhdk1oeEd6Y2xOLWd4QQ?oc=5
2025-12-18T08:57:45Z,Reuters,"Wall St gains as markets take easing inflation in stride, Micron leads tech rally - Reuters",Positive,1.0,https://news.google.com/rss/articles/CBMi0wFBVV95cUxNTWNNMWZ3NHlzVEhGdzJKQVNTLTY0el80dlBIYUhIODI4Wk1NemlqSGpPdGIwa1hDXzc3bE9jaUVFamRKNFR4V2UxVmlBRHlVWjRHWE9xNmtLMjZUbDlLU0RqTERJY3hYeGNIT0lSSURsYkV4ZVU2WTc1WWw0bm1MXy02UEJQNzBfT2pMVFlFOElfV0JRNUlVYU5jU3Q4eThObkFrRUFja3hiVkMyQ0p5LWJ0U3VteFViYjZvd3A1aXEzLTVteWVCbkNsNGsxTGhZY2xR?oc=5
2025-12-18T08:52:06Z,Reuters,Gold hovers near record high after soft US inflation fuels rate cut bets - Reuters,Positive,0.9331,https://news.google.com/rss/articles/CBMisgFBVV95cUxQVnV0NVdCM2NFRWExSlVxdmlmem9YcXg2MkdBemxIdzBlRWlYVDdhRkRQQjlHcnNwRnZnT1FjalRRMXZOZ3Z3ZEZvRUkwZkJrV09OSlp3MHB6eDFKQks1bFpONFV4WHZVTjd6LU9FcldHVl91MTZuT09ZNW9hRzZxdmZMRWZFazh5RTVhQ01jOVZPd1NfN0xROVBUTGIxbWJKbzBHX1k2RE0wRlczb1dBTTBR?oc=5
2025-12-18T08:49:28Z,Directors & Boards,Geopolitical Scenario Planning and the Board - Directors & Boards,Neutral,0.0,https://news.google.com/rss/articles/CBMiswFBVV95cUxOVlNHbk5BY0NpeHpTZVBaOUFrQnVYTDJXMFpoZ29kbkRvMzdtN04xMzhUck1kZkRoUUNRbEhJb1B3ZXNlUFpWeXV1azdiQlloNnhuNHcxcFpHNmowTUNacVc1Ylh6dU5OQnR6ZXJ0UXAzdngyZFFXZnhNdUJuV2pfd3VpQThld1hlenc3RHQ4Q0dvUUstN1pNWnpJS1FzcTY3ampBcHVYazdROXNQZWtwbTFLMA?oc=5
2025-12-18T08:39:00Z,FXEmpire,Gold Price Outlook – Gold Drifts Slightly Lower Early Thursday - FXEmpire,Neutral,0.0,https://news.google.com/rss/articles/CBMisAFBVV95cUxNSE1xcC1HdGdWRU5weTVJNmdIdzJVMl9VWHk1LVJzZ3FRV243VU4yOVZYSnNja29lU3N2Yk54dEdoUXdTM0tMSVdoM1p2WFNWcVU5R09EelNqN0ZjeGdkSkZNbFpyMDhFWnptTlZwRkt6Z1YtNTJic0R4ZUlUTVlfTjZUM3Nsb2xOeW1pSUFYZzhLY3JJS1cydnJzeWdnNm0xYWZialZ6YjlQc2FmelI4LQ?oc=5
2025-12-18T08:35:14Z,Rothschild & Co,Reasons to be cheerful: geopolitical blog December 2025 - Rothschild & Co,Neutral,0.0,https://news.google.com/rss/articles/CBMirgFBVV95cUxQN0Z1ZjBYQzdRMEg0cDBDRUhVZmh1eERIQ3RuN21PaTlFQ1dFS3BUZG8tUE1lSmJpRzUxMzRKMEl1Ulh6NGk2aVh3UUVzWUZYc0pJbUFWXzloQzFTNW9JVllKdWFUcnhpSktvNGtWZmYzUF8yUWNRTnRLQzB2cXdFak1HeWN1d0V2UFV6TGppbEpjSEdhZ254MWIyZlJScEtRYTR6SnBmbzdOSTJVQ2c?oc=5
2025-12-18T08:31:50Z,kansascityfed.org,Tenth District Manufacturing Activity Was Mostly Unchanged in December - kansascityfed.org,Neutral,0.0,https://news.google.com/rss/articles/CBMiygFBVV95cUxPWWhYdWVIR0l3aEVhazdrNFY0bDZaeGsxajJIdElzSHJ5OVRwM1VJblZwTS1VQlVSVnQ2UHZ1dUJzeThVRnNwNi1aYTFnTHFVZWtPOTR6NmF1ZmVkYnl5YnhmcHNGeDZfQ3FwX3JtdUlId3hKV2VpTjI2Q3p1RlAtV1ZFdHk3RVp0UjNhODMwZmNTREdDNzdrS2tVVnQzUklvbk44b0xuWWpYN3pjbk9KR3psSnRvc2luVnRmSE5XUC1FU3RqTFlEZmd3?oc=5
2025-12-18T08:20:39Z,PBS,"Fact-checking Trump’s speech on inflation, wages and a military dividend - PBS",Neutral,0.0,https://news.google.com/rss/articles/CBMirAFBVV95cUxNVk13Ukp2cWxla0hWNC1tWkRldXMxUy1NTVM3czdxenItdmtqZFFmdU5tTU1KVnk1Mkhxelp2RTBHd1QwQlZ4T1ROa2RPTlQ3M2pfT2RxU0lZelNucWhMLU5vRl81S0JveXU3WDdjTkFWcXpZM2M2QV80eUpkSENHclNkV2V4cWUySWQ4TngzdE4tVnVXa0psbFJhUF95Ny1lZk9tUXFZYkZsM1dj0gGyAUFVX3lxTE16ZkdiUkNDaXRKblJxRmtMXzFKVFFnUXJadmxuZk5aVm5QRkY2ZWdENWV4MnlxVF9GNExwRUJodGJlazNTOFZYSlFUNmJYOGRxWEZOcjIzUXNkc09aNTJ3aTlzNUNrQkhENEdjeXNrSUVsS2c3aW9XZk5YUEFuQXoyVmdPb3laQWRKY1lFTXV1c3l4dnpVNU5ZS040SzZNaXJ1Rm14QVBLX1BFYmhnOHFDTFE?oc=5
2025-12-18T08:00:29Z,Investing.com,Gold Price Compresses as Cycle Maturity and Harmonic Resistance Cap Upside - Investing.com,Negative,-0.9997,https://news.google.com/rss/articles/CBMiuwFBVV95cUxNYWNfTjlUbHMyMUtYcW5vSHpRRmpkZTlna0kySlVXM3NUTkFsc3UyVzNNUDhMcFg4QWd6dmd3a0VCZV96bGFTM0lRV0w3dEItdjZnU18xc2htRUlEMXBiQW15VlM5ckM0cXNMSTJxWlJmY3ZCeDFxY0tXU1l5ck5HeDA4RFZuUS1aRlBZb1VrSWdJVVJRVmc5dXNGdWlhd0ktNFJ6MnB2UU8taEVSWXZWQ2JmbW4tUmQ0WGxN?oc=5
2025-12-18T07:54:11Z,BullionVault,Gold $5000 Forecast for 2026 as Analysts Chase the Price Surge - BullionVault,Positive,0.8496,https://news.google.com/rss/articles/CBMikwFBVV95cUxOVGtuTHo0OTJCUlhvcXRIb0MtUFBiVW5oejdabEJxV3R1OWRVQXpnUU1KQVlpdFpsZzBTVmc5V0R1UEVFRU5wckpiRjUyQl9SZFRZYWVPV2l0TlFpUE1XWFZLandsenp6aWVxX2ZfTUdsWmV2OVhMUFVILVNOS2xJTllZVnk5b19lSU82SVRZRmxodUE?oc=5
2025-12-18T07:42:34Z,The New York Times,CPI Report Live Updates: Inflation Unexpectedly Slowed to 2.7% in November - The New York Times,Negative,-0.9917,https://news.google.com/rss/articles/CBMif0FVX3lxTE90bEtKX3VGMm5ZaXgxRHFEM2diOFQwUWZZQzlKWFdLYVpwZXlxcTVhN3R6MnBWbHdMaV83WVB5NkhFUXZoV2loTTd6QVJHcENVMnJkTFhjaEcxMkVZWE9BdGR5TVhIMm1Ka2JvWDNDRUR1X2xSTWt4RzFzUXNOZnc?oc=5
2025-12-18T07:41:56Z,CNBC,Here’s the inflation breakdown for November 2025 — in one chart - CNBC,Neutral,0.0,https://news.google.com/rss/articles/CBMibEFVX3lxTE1RRzJlX1dueEFJN1IwVkdkRG1vZUJQT1A2TU9DU3NQMEpSUkJWcmJaYXFnUUx3SWdTWmFxdktQeGxoQUNzYTVRMTU1amtkSmVnRjEyRVNiZ1FyM3dWSm5IQ0ZiaFh1UFBuNE4tN9IBckFVX3lxTFBpbjdXazZnZkxRa3lacUJnVGJJbjlmaGYweW5henNJWnhGSTM1U3lxaVA4NzMxcF80Tzl1TFN6LTc0alROYjlDQzNiQWw5Q3BIU3puMjQ2MDVWeGxidjdGU1BsdG9hNHBJRFZMS2lRejRvQQ?oc=5
2025-12-18T07:29:21Z,KITCO,Gold retreats modestly from intraday record after softer-than-expected inflation data - KITCO,Negative,-0.9099,https://news.google.com/rss/articles/CBMitwFBVV95cUxOQzcyMEZIWTdsVndXUWdCTnJVcldrbndwNFhGR002N0JoZ21JWVh6YmhHQTFXTGpPbEt5X3FuakFDMS1IN1dZZm94S2JTSzNLdnFrdjVQMG01Xzd2YnZKdVBsSlotbm1tVWYta1g1RWo2cVpNQmJER0hhWkRGdEtzOHRybnU5aTE4ZThrdW1CTHRqMlR5WmRFZjJGS1VnTHhJLVpER05SUnl5ZkYxbFhZclp6YncwSEk?oc=5
2025-12-18T07:25:10Z,Reuters,US annual consumer inflation moderates in November amid missing data - Reuters,Neutral,0.0,https://news.google.com/rss/articles/CBMiqwFBVV95cUxQVGlqN251U1dpMDlvNnM2dWRZYWF1X05KbEs3ejJ2SDB5bU4zamU3cndjYk1MX2IzTEtpaUNkaUZrREVOcDFVNkdvdEl0TGxxdlNFOU1LM095OWhWZzVLYXBrM0l1TUs1Tm43cktPc1RHT2VPbkpjWU01VjJQQ01zZmVkSllhQ1NZNXVpaTBQT2R2dTdDMTNaQnBzVjE3eEZOQmljWHlaejZCUWc?oc=5
2025-12-18T07:19:27Z,BBC,CPI inflation: Price increases in the US ease in November - BBC,Neutral,0.0,https://news.google.com/rss/articles/CBMiWkFVX3lxTE1KUTg0LUR1SHhPakYwdVNGelh4MUZDTGVMcy0wYzNlTThndUdoZmpJNERWeWRwU1ktSWxEMEpCQzE3czJBUU9pZkF4RDY1QktZcEZ0SHNtRFpyQdIBX0FVX3lxTE5HOGxaaHVqZ0xJOEQ2ZEVLTzdxNzV6QnczNEZGbjJrVG9fMUNIZVE1ODBWU1N1eGNfQlIxdEZlel9FNS1CbWZWM0FXZjlhNWFDMmQzaFZta1M4V3RZdTR3?oc=5
2025-12-18T07:12:42Z,ts2.tech,"Gold Price Today (Dec. 18, 2025, 09:55): XAU/USD Holds Near $4,330 as Softer U.S. CPI Revives Fed-Cut Bets - ts2.tech",Negative,-0.8347,https://news.google.com/rss/articles/CBMiuAFBVV95cUxQbmxTT0c0ZVNDeDBfNFF3SGlnT1d0V0hnQUl1MWJiT0s3dF9CcW5HRG5wOE1fSmM5Y0tFUFR2T2JlaEdPWVRyM2FjUl84eHh6RzVScndzWEpDVUtlZ3BOX1lBQkxjN2V1MEd3ZXRfZk8za2NGdXVkSHNvYXlzcnk3Zk5KT1AtVGMyM05va1B0cW0tVHNzbGVpaFIyQ191WmNLTXdWdEpOTFllSGdIWVI4MEx6U0RXR19B?oc=5
2025-12-18T07:11:54Z,ABC News,"Inflation drops to lowest level in months, defying expectations of uptick - ABC News",Negative,-0.9994,https://news.google.com/rss/articles/CBMiswFBVV95cUxQRm1Zc1o3RGlfX2VWbjNsSmRUd0gzd1lrbm9pQTRQR0hfSzBGenVYOWt0dk5PRXU2dkxucHlNT2tyYnFGcENNUjZHdGhpWi1TUWdyZ3BrbWF1ZVpyVFR2UE1HbTdNeXUzTGJUU3UzN1pheklMSkNEMlJ4UURzNkhEUXBjbl8wZjZmT1dUZlR4SFFIclh3SHowc3ZTUk5fUnB6ZzVIY2VQdzZOcnp1amZFZGJNQdIBuAFBVV95cUxORnlZaXZseFE4d096MnM4em5sRFJuUTVqejZ4T2tXUVBrbFpDOGc3ZGhKX0k4dUhxU0I3RDdLQVNOeGpDcnlGR29vd0pDNlhxZi1HMTFpcnNQZ2tDc3phalVzd3NPSXdXRTlkNVRfaE5kSE53QnExM1lIamYxY3l2RlR0aFZGbzItNVpoMXgtdVJxN2F5YjJ5aWNxUy13a1Vaa0pGWndMWEtPUEVGMEpqMG5OQ2ZJbUx5?oc=5
2025-12-18T07:09:56Z,Bloomberg.com,ECB Holds Rates With Growth Firmer and Inflation Near Target - Bloomberg.com,Neutral,0.0,https://news.google.com/rss/articles/CBMisAFBVV95cUxPaXN5d0hGZnZBZFZDOW1ja094YkY5S1d6V05leUdHbXRvY1BpQTI1ZmdPTkJlbXcwUTdCYVZGMTNOZUJEMkxXMXFFRWdUeGRkU1BMMW0ycFhxVFVkNkEwN2hObXFraGc4VlJkeURmMmoxc0ZUU1pJZHhzT0x3amp1RVA3UHhMZVo1cHA2RDRYZXo4NWxkQ2dINnpNYlNEM2luOWZJb2FsNFRGWHBMSk1hMA?oc=5
2025-12-18T07:04:00Z,Business Insider,"CPI just knocked down a key hurdle for markets, and stocks are rallying - Business Insider",Negative,-0.996,https://news.google.com/rss/articles/CBMipwFBVV95cUxNakRmNDhMT0NvTG1ibmxmYy0zU2NkUnlCWGttbERvWF90SUx1S2o4OEdXVkpHb2xkblQwTnJjQ0N0bUlMWkh0QkhNeHRFSjBHZ29wNTBwaWozVlJkRmIwcGFQYWRuMkhfazlSMEVvMXgteDUwTWFQWWRJcG1RbUZIMmVNRUY2WjJia2tmc244cy0wTzBXR0RzQUt0V2VDeTV0ZkdETDF0Yw?oc=5
2025-12-18T07:03:00Z,The Wall Street Journal,"Oil Extends Gains With Market Watching Venezuela, Ukraine-Russia - The Wall Street Journal",Positive,1.0,https://news.google.com/rss/articles/CBMipwNBVV95cUxPOVoteGtQaWxMUUxQclkydFlscVdaakFhMkpzQUJWY3ZoMHRuVFRxZ1ZEbFhlZ0tfT21OQ3JPWldtWTFWZnlZeG1raU9xaExMMEpzMWRobGNfa2d1QmNUaGlTVjVHelZYcXkxaDBzaUR1dWNzVmVET1pXT0dobFR4b20tUjZIOHhhU2c3UExIOFNaTWRqbkRzZG5IUDNPd3JndFRIMkotM094NnYwRTRTSTNzZFVGanMtUGJyZUVSZkpHV3dVcVBHdjNvUGNkTFE4MUpfX1NrRHhPZ0FFdS1sTElreUYzU0xGM0tMbzZ0TEp4XzJpdkJXUzhWNlVKT25EdVVVT1pMZEFWcEhCdF9ISlN1MlhGTEk4MkpvUk1DS1ZxZFYtbjBkWU5XbF9MOHQxZERqUEJtellDTVl0bDVRLV9ScFdTR2syOHA4U1psREJoTEhDMlNWUmhBVHBVNXZTTzBfYlJydjVCdkhPVGRjdl9aNk9BV0EzTXVXSkZoSjN5T3VjTHdXdE4xdHN1Y0VoeEJMdWhheUp0S2JkUkM1V1Axb3VPMk0?oc=5
2025-12-18T07:02:17Z,Impact Economist,Fragmented Futures: Geopolitics in the electronics industry - Impact Economist,Neutral,0.0,https://news.google.com/rss/articles/CBMic0FVX3lxTFBnVlA4YWhVMXlzLVVGYzFyWndtYkVoOGlDcWxmZG5kZlhIZ3FwRDQtRXdmQS1VdG12UFRVOGphbjk0U09vSF9OWnpXUG5BZU4ySV9ucDVpZno5cFB6c3cxWXRNdjRCbWdSdU9jT0E0VUpkMXc?oc=5
2025-12-18T06:20:00Z,Fortune,"Current price of gold as of Thursday December 18, 2025 - Fortune",Neutral,0.0,https://news.google.com/rss/articles/CBMibkFVX3lxTE04a0pEUzZiZ19EV0p6M3NvbW8wVFM5dGhXN1d1TEhCUFpvMFJEVWlONVA1aHRRS2tmczA0eG80SG1ZcGlBZWFIWEg3cllObjhEVm0xUTdXV2cwX3ZDc3ZsMm5PVjEtNzZNMDZ2Y0d3?oc=5
